Ticker,Stock Price,Call Contract Price,Strike Price,Expiration Date,Breakeven increase,Company Description,P/E Ratio,Forward P/E,Market Cap,52 Week High,52-week-upside,1y Target Est,1y-target-upside,Dividend Yield,Attractiveness
KO,73.01000213623047,6.53,72.5,2026-01-16,0.08245442662139268,"The Coca-Cola Company, a beverage company, manufactures, markets, and sells various nonalcoholic beverages worldwide. The company provides sparkling soft drinks, sparkling flavors; water, sports, coffee, and tea; juice, value-added dairy, and plant-based beverages; and other beverages. It also offers beverage concentrates and syrups, as well as fountain syrups to fountain retailers, such as restaurants and convenience stores. The company sells its products under the Coca-Cola, Diet Coke/Coca-Cola Light, Coca-Cola Zero Sugar, caffeine free Diet Coke, Cherry Coke, Fanta Orange, Fanta Zero Orange, Fanta Zero Sugar, Fanta Apple, Sprite, Sprite Zero Sugar, Simply Orange, Simply Apple, Simply Grapefruit, Fresca, Schweppes, Thums Up, Aquarius, Ayataka, BODYARMOR, Ciel, Costa, Dasani, dogadan, FUZE TEA, Georgia, glacéau smartwater, glacéau vitaminwater, Gold Peak, Ice Dew, I LOHAS, Powerade, Topo Chico, AdeS, Del Valle, fairlife, innocent, Minute Maid, and Minute Maid Pulpy brands. It operates through a network of independent bottling partners, distributors, wholesalers, and retailers, as well as through bottling and distribution operators. The company was founded in 1886 and is headquartered in Atlanta, Georgia.",29.678862,24.09571,314.7 B,73.285,0.4%,70.93,-2.8%,2.68%,False
T,20.43000030517578,2.14,20.0,2026-01-16,0.08370042434071845,"AT&T Inc. provides telecommunications and technology services worldwide. The company operates through two segments, Communications and Latin America. The Communications segment offers wireless voice and data communications services; and sells handsets, wireless data cards, wireless computing devices, carrying cases/protective covers, and wireless chargers through its own company-owned stores, agents, and third-party retail stores. It also provides Virtual Private Networks, AT&T Dedicated Internet, Ethernet, data services, cloud solutions, outsourcing, and managed professional services, as well as customer premises equipment for multinational corporations, small and mid-sized businesses, governmental, and wholesale customers. In addition, this segment offers broadband services, including fiber connections, legacy telephony voice communication services, and other VoIP services and equipment to residential customers. This segment markets its communications services and products under the AT&T, AT&T Business, Cricket, AT&T PREPAID, and AT&T Fiber brand names. The Latin America segment provides postpaid and prepaid wireless services in Mexico under the AT&T and Unefon brand names, as well as sells smartphones through its owned stores, agents and third-party retail stores. The company was formerly known as SBC Communications Inc. and changed its name to AT&T Inc. in 2005. AT&T Inc. was incorporated in 1983 and is based in Dallas, Texas.",11.74138,9.0,146.5 B,20.45,0.1%,21.14,3.5%,5.58%,False
WMT,77.16999816894531,9.46,76.67,2026-01-16,0.11610732206367169,"Walmart Inc. engages in the operation of retail, wholesale, other units, and eCommerce worldwide. The company operates through three segments: Walmart U.S., Walmart International, and Sam's Club. It operates supercenters, supermarkets, hypermarkets, warehouse clubs, cash and carry stores, and discount stores under Walmart and Walmart Neighborhood Market brands; membership-only warehouse clubs; ecommerce websites, such as walmart.com.mx, walmart.ca, flipkart.com, PhonePe and other sites; and mobile commerce applications. The company offers grocery and consumables, including dairy, meat, bakery, deli, produce, dry, chilled or frozen packaged foods, alcoholic and nonalcoholic beverages, floral, snack foods, candy, other grocery items, health and beauty aids, paper goods, laundry and home care, baby care, pet supplies, and other consumable items; fuel, tobacco and other categories. It is also involved in the provision of health and wellness products covering pharmacy, optical and hearing services, and over-the-counter drugs and other medical products; and home and apparel including home improvement, outdoor living, gardening, furniture, apparel, jewelry, tools and power equipment, housewares, toys, seasonal items, mattresses and tire and battery centers. In addition, the company offers consumer electronics and accessories, software, video games, office supplies, appliances, and third-party gift cards. Further, it operates digital payment platforms; and offers financial services and related products, including money transfers, bill payments, money orders, check cashing, prepaid access, co-branded credit cards, installment lending, and earned wage access. Additionally, the company markets lines of merchandise under private brands, including Allswell, Athletic Works, Equate, and Free Assembly. The company was formerly known as Wal-Mart Stores, Inc. and changed its name to Walmart Inc. in February 2018. Walmart Inc. was founded in 1945 and is based in Bentonville, Arkansas.",40.192707,28.371323,620.3 B,77.8024,0.8%,80.62,4.5%,1.07%,False
TMUS,200.52999877929688,23.95,200.0,2026-01-16,0.11679051195965529,"T-Mobile US, Inc., together with its subsidiaries, provides mobile communications services in the United States, Puerto Rico, and the United States Virgin Islands. The company offers voice, messaging, and data services to customers in the postpaid, prepaid, and wholesale and other services. It also provides wireless devices, including smartphones, wearables, tablets, home broadband routers, and other mobile communication devices, as well as wireless devices and accessories; financing through equipment installment plans; reinsurance for device insurance policies and extended warranty contracts; leasing through JUMP! On Demand; and High Speed Internet services. In addition, the company offers services, devices, and accessories under the T-Mobile and Metro by T-Mobile brands through its owned and operated retail stores, T-Mobile app and customer care channels, and its websites. It also sells its devices to dealers and other third-party distributors for resale through independent third-party retail outlets and various third-party websites. The company was founded in 1994 and is headquartered in Bellevue, Washington.",25.097622,17.888493,234.0 B,205.28,2.4%,204.73,2.1%,1.31%,False
MA,482.1199951171875,60.6,480.0,2026-01-16,0.12129761361297198,"Mastercard Incorporated, a technology company, provides transaction processing and other payment-related products and services in the United States and internationally. The company offers integrated products and value-added services for account holders, merchants, financial institutions, digital partners, businesses, governments, and other organizations, such as programs that enable issuers to provide consumers with credits to defer payments; payment products and solutions that allow its customers to access funds in deposit and other accounts; prepaid programs services; and commercial credit, debit, and prepaid payment products and solutions. It also provides solutions that enable businesses or governments to make payments to businesses, including Virtual Card Number, which is generated dynamically from a physical card and leverages the credit limit of the funding account; a platform to optimize supplier payment enablement campaigns for financial institutions; and treasury intelligence platform that offers corporations with recommendations to enhance working capital performance and accelerate spend on cards. In addition, the company offers Mastercard Send, which partners with digital messaging and payment platforms to enable consumers to send money directly within applications to other consumers; and Mastercard Cross-Border Services enables a range of payment flows through a distribution network with a single point of access to send and receive money globally through various channels, including bank accounts, mobile wallets, cards, and cash payouts. Further, it provides cyber and intelligence solutions; insights and analytics, consulting, marketing, loyalty, processing, and payment gateway solutions for e-commerce merchants; and open banking and digital identity services. The company offers payment solutions and services under the MasterCard, Maestro, and Cirrus name. Mastercard Incorporated was founded in 1966 and is headquartered in Purchase, New York.",36.80305,29.00842,445.4 B,490.0,1.6%,517.37,7.3%,0.55%,False
JPM,220.3000030517578,27.3,220.0,2026-01-16,0.1225601297059391,"JPMorgan Chase & Co. operates as a financial services company worldwide. It operates through four segments: Consumer & Community Banking (CCB), Corporate & Investment Bank (CIB), Commercial Banking (CB), and Asset & Wealth Management (AWM). The CCB segment offers deposit, investment and lending products, cash management, and payments and services; mortgage origination and servicing activities; residential mortgages and home equity loans; and credit cards, auto loans, leases, and travel services to consumers and small businesses through bank branches, ATMs, and digital and telephone banking. The CIB segment provides investment banking products and services, including corporate strategy and structure advisory, and equity and debt market capital-raising services, as well as loan origination and syndication; payments; and cash and derivative instruments, risk management solutions, prime brokerage, and research. This segment also offers securities services, including custody, fund accounting and administration, and securities lending products for asset managers, insurance companies, and public and private investment funds. The CB segment provides financial solutions, including lending, payments, investment banking, and asset management to small and midsized companies, local governments, nonprofit clients, and large corporations, as well as investors, developers, and owners of multifamily, office, retail, industrial, and affordable housing properties. The AWM segment offers multi-asset investment management solutions in equities, fixed income, alternatives, and money market funds to institutional clients and retail investors; and retirement products and services, brokerage, custody, estate planning, lending, deposits, and investment management products to high net worth clients. JPMorgan Chase & Co. was founded in 1799 and is headquartered in New York, New York.",12.279821,12.920822,626.8 B,225.48,2.4%,217.43,-1.3%,2.05%,False
V,278.5400085449219,35.58,280.0,2026-01-16,0.13297907057795055,"Visa Inc. operates as a payment technology company in the United States and internationally. The company operates VisaNet, a transaction processing network that enables authorization, clearing, and settlement of payment transactions. It also offers credit, debit, and prepaid card products; tap to pay, tokenization, and click to pay services; Visa Direct, a solution that facilitates the delivery of funds to eligible cards, deposit accounts, and digital wallets; Visa B2B Connect, a multilateral business-to-business cross-border payments network; Visa Cross-Border Solution, a cross-border consumer payments solution; and Visa DPS that provides a range of value-added services, including fraud mitigation, dispute management, data analytics, campaign management, a suite of digital solutions, and contact center services. The company also provides acceptance solutions, which include Cybersource that provides modular and value-added services for connecting merchants to payment processing; risk and identity solutions, such as Visa Advanced Authorization, Visa Secure, Visa Risk and Decision Manager, Visa Consumer Authentication Service, and payment-decisioning solutions for fraud prevention; and Visa Consulting and Analytics, a payment consulting advisory services. It provides its services under the Visa, Visa Electron, Interlink, V PAY, and PLUS brand names. The company serves merchants, financial institutions, and government entities. Visa Inc. was founded in 1958 and is headquartered in San Francisco, California.",29.82227,25.184448,542.0 B,290.96,4.5%,304.07,9.2%,0.75%,False
TGT,151.8000030517578,23.55,150.0,2026-01-16,0.14328060942677512,"Target Corporation operates as a general merchandise retailer in the United States. The company offers apparel for women, men, boys, girls, toddlers, and infants and newborns, as well as jewelry, accessories, and shoes; and beauty and personal care, baby gear, cleaning, paper products, and pet supplies. It also provides dry grocery, dairy, frozen food, beverages, candy, snacks, deli, bakery, meat, and food service; electronics, which includes video game hardware and software, toys, entertainment, sporting goods, and luggage; and furniture, lighting, storage, kitchenware, small appliances, home decor, bed and bath, home improvement, school/office supplies, greeting cards and party supplies, and other seasonal merchandise. In addition, the company sells merchandise through periodic design and creative partnerships, and shop-in-shop experience; and in-store amenities. Further, it sells its products through its stores; and digital channels, including Target.com. Target Corporation was incorporated in 1902 and is headquartered in Minneapolis, Minnesota.",15.681818,14.388625,69.9 B,181.86,19.8%,177.99,17.3%,2.92%,True
MSFT,409.44000244140625,59.13,410.0,2026-01-16,0.14578447929531713,"Microsoft Corporation develops and supports software, services, devices and solutions worldwide. The Productivity and Business Processes segment offers office, exchange, SharePoint, Microsoft Teams, office 365 Security and Compliance, Microsoft viva, and Microsoft 365 copilot; and office consumer services, such as Microsoft 365 consumer subscriptions, Office licensed on-premises, and other office services. This segment also provides LinkedIn; and dynamics business solutions, including Dynamics 365, a set of intelligent, cloud-based applications across ERP, CRM, power apps, and power automate; and on-premises ERP and CRM applications. The Intelligent Cloud segment offers server products and cloud services, such as azure and other cloud services; SQL and windows server, visual studio, system center, and related client access licenses, as well as nuance and GitHub; and enterprise services including enterprise support services, industry solutions, and nuance professional services. The More Personal Computing segment offers Windows, including windows OEM licensing and other non-volume licensing of the Windows operating system; Windows commercial comprising volume licensing of the Windows operating system, windows cloud services, and other Windows commercial offerings; patent licensing; and windows Internet of Things; and devices, such as surface, HoloLens, and PC accessories. Additionally, this segment provides gaming, which includes Xbox hardware and content, and first- and third-party content; Xbox game pass and other subscriptions, cloud gaming, advertising, third-party disc royalties, and other cloud services; and search and news advertising, which includes Bing, Microsoft News and Edge, and third-party affiliates. The company sells its products through OEMs, distributors, and resellers; and directly through digital marketplaces, online, and retail stores. The company was founded in 1975 and is headquartered in Redmond, Washington.",34.668922,26.883783,3043.4 B,468.35,14.4%,496.67,21.3%,0.72%,False
AAPL,222.77000427246094,30.41,225.0,2026-01-16,0.14651880909253112,"Apple Inc. designs, manufactures, and markets smartphones, personal computers, tablets, wearables, and accessories worldwide. The company offers iPhone, a line of smartphones; Mac, a line of personal computers; iPad, a line of multi-purpose tablets; and wearables, home, and accessories comprising AirPods, Apple TV, Apple Watch, Beats products, and HomePod. It also provides AppleCare support and cloud services; and operates various platforms, including the App Store that allow customers to discover and download applications and digital content, such as books, music, video, games, and podcasts. In addition, the company offers various services, such as Apple Arcade, a game subscription service; Apple Fitness+, a personalized fitness service; Apple Music, which offers users a curated listening experience with on-demand radio stations; Apple News+, a subscription news and magazine service; Apple TV+, which offers exclusive original content; Apple Card, a co-branded credit card; and Apple Pay, a cashless payment service, as well as licenses its intellectual property. The company serves consumers, and small and mid-sized businesses; and the education, enterprise, and government markets. It distributes third-party applications for its products through the App Store. The company also sells its products through its retail and online stores, and direct sales force; and third-party cellular network carriers, wholesalers, retailers, and resellers. Apple Inc. was founded in 1976 and is headquartered in Cupertino, California.",33.907154,29.782085,3387.0 B,237.23,6.5%,238.19,6.9%,0.44%,False
GOOGL,157.36000061035156,26.6,155.0,2026-01-16,0.15404168337334045,"Alphabet Inc. offers various products and platforms in the United States, Europe, the Middle East, Africa, the Asia-Pacific, Canada, and Latin America. It operates through Google Services, Google Cloud, and Other Bets segments. The Google Services segment provides products and services, including ads, Android, Chrome, devices, Gmail, Google Drive, Google Maps, Google Photos, Google Play, Search, and YouTube. It is also involved in the sale of apps and in-app purchases and digital content in the Google Play and YouTube; and devices, as well as in the provision of YouTube consumer subscription services. The Google Cloud segment offers infrastructure, cybersecurity, databases, analytics, AI, and other services; Google Workspace that include cloud-based communication and collaboration tools for enterprises, such as Gmail, Docs, Drive, Calendar, and Meet; and other services for enterprise customers. The Other Bets segment sells healthcare-related and internet services. The company was incorporated in 1998 and is headquartered in Mountain View, California.",22.544413,18.045872,1946.4 B,191.75,21.9%,203.06,29.0%,0.49%,True
AMZN,176.25,31.88,175.0,2026-01-16,0.17378723404255325,"Amazon.com, Inc. engages in the retail sale of consumer products, advertising, and subscriptions service through online and physical stores in North America and internationally. The company operates through three segments: North America, International, and Amazon Web Services (AWS). It also manufactures and sells electronic devices, including Kindle, Fire tablets, Fire TVs, Echo, Ring, Blink, and eero; and develops and produces media content. In addition, the company offers programs that enable sellers to sell their products in its stores; and programs that allow authors, independent publishers, musicians, filmmakers, Twitch streamers, skill and app developers, and others to publish and sell content. Further, it provides compute, storage, database, analytics, machine learning, and other services, as well as advertising services through programs, such as sponsored ads, display, and video advertising. Additionally, the company offers Amazon Prime, a membership program. The company's products offered through its stores include merchandise and content purchased for resale and products offered by third-party sellers. It serves consumers, sellers, developers, enterprises, content creators, advertisers, and employees. Amazon.com, Inc. was incorporated in 1994 and is headquartered in Seattle, Washington.",42.064438,30.335629,1849.8 B,201.2,14.2%,217.82,23.6%,N/A,False
META,511.760009765625,100.82,510.0,2026-01-16,0.19356727439438326,"Meta Platforms, Inc. engages in the development of products that enable people to connect and share with friends and family through mobile devices, personal computers, virtual reality headsets, and wearables worldwide. It operates in two segments, Family of Apps and Reality Labs. The Family of Apps segment offers Facebook, which enables people to share, discuss, discover, and connect with interests; Instagram, a community for sharing photos, videos, and private messages, as well as feed, stories, reels, video, live, and shops; Messenger, a messaging application for people to connect with friends, family, communities, and businesses across platforms and devices through text, audio, and video calls; and WhatsApp, a messaging application that is used by people and businesses to communicate and transact privately. The Reality Labs segment provides augmented and virtual reality related products comprising consumer hardware, software, and content that help people feel connected, anytime, and anywhere. The company was formerly known as Facebook, Inc. and changed its name to Meta Platforms, Inc. in October 2021. The company was incorporated in 2004 and is headquartered in Menlo Park, California",26.176983,21.252493,1294.7 B,544.23,6.3%,564.14,10.2%,0.38%,False
ZM,68.83000183105469,12.2,70.0,2026-01-16,0.19424666298516713,"Zoom Video Communications, Inc. provides unified communications platform in the Americas, the Asia Pacific, Europe, the Middle East, and Africa. The company offers Zoom Meetings that offers HD video, voice, chat, and content sharing through mobile devices, desktops, laptops, telephones, and conference room systems; Zoom Phone, an enterprise cloud phone system; and Zoom Chat enables users to share messages, images, audio files, and content in desktop, laptop, tablet, and mobile devices. It also provides Zoom Rooms, a software-based conference room system; Zoom Conference Room Connector, a gateway for SIP/H.323 endpoints to join Zoom meetings; Zoom Events, which enables users to manage and host internal and external virtual events; OnZoom, a prosumer-focused virtual event platform and marketplace for Zoom users to create, host, and monetize online events; and Zoom Webinars to provide video presentations to large audiences from many devices. In addition, the company offers Zoom Developer Platform that enables developers, platform integrators, service providers, and customers to build apps and integrations using Zoom's video-based communications solutions, as well as integrate Zoom's technology into their products and services; Zoom App Marketplace, which helps developers to publish their apps, as well as third-party integrations of Zoom; and Zoom Contact Center, an omnichannel contact center solution. It serves individuals; and education, entertainment/media, enterprise infrastructure, finance, government, healthcare, manufacturing, non-profit/not for profit and social impact, retail/consumer products, and software/Internet industries. The company was formerly known as Zoom Communications, Inc. and changed its name to Zoom Video Communications, Inc. in May 2012. The company was incorporated in 2011 and is headquartered in San Jose, California.",24.582144,13.035985,21.3 B,75.905,10.3%,74.94,8.9%,N/A,False
NFLX,675.3200073242188,128.7,680.0,2026-01-16,0.19750635436415553,"Netflix, Inc. provides entertainment services. It offers TV series, documentaries, feature films, and games across various genres and languages. The company also provides members the ability to receive streaming content through a host of internet-connected devices, including TVs, digital video players, TV set-top boxes, and mobile devices. It has operations in approximately 190 countries. The company was incorporated in 1997 and is headquartered in Los Gatos, California.",42.2339,29.348978,289.8 B,711.33,5.3%,695.32,3.0%,N/A,False
CMG,53.52000045776367,10.19,54.0,2026-01-16,0.19936471320953664,"Chipotle Mexican Grill, Inc., together with its subsidiaries, owns and operates Chipotle Mexican Grill restaurants. It sells food and beverages through offering burritos, burrito bowls, quesadillas, tacos, and salads. The company also provides delivery and related services its app and website. It has operations in the United States, Canada, France, Germany, and the United Kingdom. Chipotle Mexican Grill, Inc. was founded in 1993 and is headquartered in Newport Beach, California.",52.47059,41.488373,73.3 B,69.2614,29.4%,62.65,17.1%,N/A,False
TSM,160.49000549316406,32.49,160.0,2026-01-16,0.19938932900216622,"Taiwan Semiconductor Manufacturing Company Limited, together with its subsidiaries, manufactures, packages, tests, and sells integrated circuits and other semiconductor devices in Taiwan, China, Europe, the Middle East, Africa, Japan, the United States, and internationally. It provides a range of wafer fabrication processes, including processes to manufacture complementary metal- oxide-semiconductor (CMOS) logic, mixed-signal, radio frequency, embedded memory, bipolar CMOS mixed-signal, and others. The company also offers customer and engineering support services; manufactures masks; and invests in technology start-up companies; researches, designs, develops, manufactures, packages, tests, and sells color filters; and provides investment services. Its products are used in high performance computing, smartphones, Internet of things, automotive, and digital consumer electronics. The company was incorporated in 1987 and is headquartered in Hsinchu City, Taiwan.",28.506218,19.406288,832.3 B,193.47,20.5%,199.75,24.5%,1.44%,True
UBER,71.88999938964844,14.7,72.5,2026-01-16,0.21296426123709322,"Uber Technologies, Inc. develops and operates proprietary technology applications in the United States, Canada, Latin America, Europe, the Middle East, Africa, and Asia excluding China and Southeast Asia. It operates through three segments: Mobility, Delivery, and Freight. The Mobility segment connects consumers with a range of transportation modalities, such as ridesharing, carsharing, micromobility, rentals, public transit, taxis, and other modalities; and offers riders in a variety of vehicle types, as well as financial partnerships products and advertising services. The Delivery segment allows to search for and discover restaurants to grocery, alcohol, convenience, and other retails; order a meal or other items; and Uber direct, a white-label Delivery-as-a-Service for retailers and restaurants, as well as advertising. The Freight segment manages transportation and logistics network, which connects shippers and carriers in digital marketplace including carriers upfronts, pricing, and shipment booking; and provides on-demand platform to automate logistics end-to-end transactions for small-and medium-sized business to global enterprises. The company was formerly known as Ubercab, Inc. and changed its name to Uber Technologies, Inc. in February 2011. Uber Technologies, Inc. was founded in 2009 and is headquartered in San Francisco, California.",78.141304,32.38288,151.0 B,82.14,14.3%,86.69,20.6%,N/A,False
NU,14.84000015258789,3.02,15.0,2026-01-16,0.21428570180018225,"Nu Holdings Ltd. provides digital banking platform in Brazil, Mexico, Colombia, Cayman Islands, Germany, Argentina, the United States, and Uruguay. It offers spending solutions comprising Nu credit and prepaid card, a digitally enabled card that acts as a credit and a prepaid card; Ultraviolet credit and prepaid card, a premium metal credit card for affluent customers; mobile payment solutions for NuAccount customers to make and receive transfers, pay bills, and make everyday purchases through their mobile phones; and Nu Shopping, an integrated mall that enables customers to purchase goods and services from various ecommerce retailers. The company also provides savings solutions, such as Nu Personal Accounts, a digital account solution for personal financial activities; Nu business prepaid and credit card; and Nu business accounts for entrepreneur customers and their businesses. In addition, it offers investing solutions, including Money Boxes for goal-based investing; Nucoin, a proprietary utility token for its loyalty program; NuInvest, which provides equity, fixed-income, stock options, ETF products, and multimarket funds; and NuCrypto, a solution for buying and selling cryptocurrencies through the Nu app. Further, the company provides borrowing solutions comprising Personal unsecured and secured loans; Pix financing that enables credit card and digital account customers to make free and instant peer-to-peer transfers; Boleto financing, which enables credit card and digital account customers to make payments using their credit line; purchase financing; and NuPay to make online purchases and pay for services through Nubank app. Additionally, it offers protection solutions, such as NuInsurance protection solutions, including life, mobile, auto, home, and financial protection insurance policies. The company was founded in 2013 and is headquartered in São Paulo, Brazil.",47.870968,23.935484,71.7 B,15.105,1.8%,14.09,-5.1%,N/A,False
CCJ,37.95000076293945,9.18,37.0,2026-01-16,0.2168642706615609,"Cameco Corporation provides uranium for the generation of electricity. It operates through Uranium, Fuel Services, Westinghouse segments. The Uranium segment is involved in the exploration for, mining, and milling, purchase, and sale of uranium concentrate. The Fuel Services segment engages in the refining, conversion, and fabrication of uranium concentrate, as well as the purchase and sale of conversion services. This segment also produces CANDU reactor fuel bundles and other reactor components. The company offers nuclear fuel processing services. The Westinghouse segment engages in the manufacture of nuclear reactor technology original equipment. This segment provides products and services to commercial utilities and government agencies; and outage and maintenance services, engineering support, instrumentation and controls equipment, plant modification, and components and parts to nuclear reactors. It sells its uranium and fuel services to nuclear utilities in the Americas, Europe, and Asia. Cameco Corporation was incorporated in 1987 and is headquartered in Saskatoon, Canada.",86.25,32.71552,16.5 B,56.24,48.2%,54.2,42.8%,0.22%,True
ON,70.76000213623047,16.8,70.0,2026-01-16,0.2266817040633855,"ON Semiconductor Corporation provides intelligent sensing and power solutions in the United States and internationally. The company operates through Power Solutions Group, Advanced Solutions Group, and Intelligent Sensing Group. Its intelligent power technologies enable the electrification of the automotive industry that allows for lighter and longer-range electric vehicles, empowers fast-charging systems, and propels sustainable energy for the solar strings, industrial power, and storage systems. In addition, the company offers analog, discrete, module, and integrated semiconductor products that perform multiple application functions, includes power switching and conversion, signal conditioning, circuit protection, signal amplification, and voltage regulation functions. Further, it designs and develops analog, mixed-signal, power management ICs and sensor interface devices for automotive, industrial, compute and mobile markets. Additionally, the company offers single photon detectors, including silicon photomultipliers and single photon avalanche diode arrays, as well as actuator drivers for autofocus and image stabilization for a broad base of end-users in the different end-markets. ON Semiconductor Corporation was incorporated in 1992 and is headquartered in Scottsdale, Arizona.",16.118452,14.928271,30.3 B,101.3,43.2%,86.49,22.2%,N/A,False
SHOP,71.26000213623047,17.77,70.0,2026-01-16,0.2316867438792205,"Shopify Inc., a commerce company, provides a commerce platform and services in Canada, the United States, Europe, the Middle East, Africa, the Asia Pacific, Australia, China, and Latin America. The company's platform enables merchants to displays, manages, markets, and sells its products through various sales channels, including web and mobile storefronts, physical retail locations, pop-up shops, social media storefronts, native mobile apps, buy buttons, and marketplaces; and enables to manage products and inventory, process orders and payments, fulfill and ship orders, new buyers and build customer relationships, source products, leverage analytics and reporting, manage cash, payments and transactions, and access financing. It also sells custom themes and apps, and registration of domain names; and merchant solutions, which include accepting payments, shipping, and securing working capital. The company was formerly known as Jaded Pixel Technologies Inc. and changed its name to Shopify Inc. in November 2011. Shopify Inc. was incorporated in 2004 and is headquartered in Ottawa, Canada.",71.9798,40.259888,91.8 B,91.57,28.5%,107.94,51.5%,N/A,True
DKNG,33.650001525878906,6.73,35.0,2026-01-16,0.24011881449417127,"DraftKings Inc. operates as a digital sports entertainment and gaming company in the United States and internationally. It provides online sports betting and casino, daily fantasy sports, media, and other consumer products, as well as retails sportsbooks. The company also engages in the design and development of sports betting and casino gaming software for online and retail sportsbooks, and iGaming operators. In addition, it offers DraftKings marketplace, a digital collectibles ecosystem designed for mainstream accessibility that offers curated NFT drops and supports secondary-market transactions. The company was founded in 2012 and is headquartered in Boston, Massachusetts.",N/A,47.39437,16.7 B,49.57,47.3%,48.75,44.9%,N/A,True
CRWD,266.6000061035156,60.8,270.0,2026-01-16,0.2408101741436448,"CrowdStrike Holdings, Inc. provides cybersecurity solutions in the United States and internationally. Its unified platform offers cloud-delivered protection of endpoints, cloud workloads, identity, and data. The company offers corporate endpoint and cloud workload security, managed security, security and vulnerability management, IT operations management, identity protection, SIEM and log management, threat intelligence, data protection, security orchestration, automation and response and AI powered workflow automation, and securing generative AI workload services. It primarily sells subscriptions to its Falcon platform and cloud modules. The company was incorporated in 2011 and is headquartered in Austin, Texas.",386.37683,62.144524,68.0 B,398.327,49.4%,323.96,21.5%,N/A,False
AVGO,152.7899932861328,37.7,152.0,2026-01-16,0.24157345595758417,"Broadcom Inc. designs, develops, and supplies various semiconductor devices with a focus on complex digital and mixed signal complementary metal oxide semiconductor based devices and analog III-V based products worldwide. The company operates in two segments, Semiconductor Solutions and Infrastructure Software. It provides set-top box system-on-chips (SoCs); cable, digital subscriber line, and passive optical networking central office/consumer premise equipment SoCs; wireless local area network access point SoCs; Ethernet switching and routing custom silicon solutions; serializer/deserializer application specific integrated circuits; optical and copper, and physical layer devices; and fiber optic components and RF semiconductor devices. The company also offers RF front end modules and filter; Wi-Fi, Bluetooth, and global positioning system/global navigation satellite system SoCs; custom touch controllers; inductive charging; attached small computer system interface, and redundant array of independent disks controllers and adapters; peripheral component interconnect express; fiber channel host bus adapters; read channel based SoCs; custom flash controllers; preamplifiers; optocouplers, industrial fiber optics, and motion control encoders and subsystems; light emitting diode, ethernet PHYs, switch ICs, and camera microcontrollers. Its products are used in various applications, including enterprise and data center networking, home connectivity, set-top boxes, broadband access, telecommunication equipment, smartphones and base stations, data center servers and storage systems, factory automation, power generation and alternative energy systems, and electronic displays. Broadcom Inc. was founded in 1961 and is headquartered in Palo Alto, California.",65.5751,25.254543,711.2 B,185.162,21.2%,194.48,27.3%,1.29%,False
PLTR,30.510000228881836,8.4,30.0,2026-01-16,0.25860372703796997,"Palantir Technologies Inc. builds and deploys software platforms for the intelligence community to assist in counterterrorism investigations and operations in the United States, the United Kingdom, and internationally. The company provides Palantir Gotham, a software platform which enables users to identify patterns hidden deep within datasets, ranging from signals intelligence sources to reports from confidential informants, as well as facilitates the handoff between analysts and operational users, helping operators plan and execute real-world responses to threats that have been identified within the platform. It also offers Palantir Foundry, a platform that transforms the ways organizations operate by creating a central operating system for their data; and allows individual users to integrate and analyze the data they need in one place. In addition, it provides Palantir Apollo, a software that delivers software and updates across the business, as well as enables customers to deploy their software virtually in any environment; and Palantir Artificial Intelligence Platform (AIP) that provides unified access to open-source, self-hosted, and commercial large language models (LLM) that can transform structured and unstructured data into LLM-understandable objects and can turn organizations' actions and processes into tools for humans and LLM-driven agents. The company was incorporated in 2003 and is headquartered in Denver, Colorado.",179.47058,70.95349,70.5 B,33.125,8.6%,25.69,-15.8%,N/A,False
UEC,4.71999979019165,1.45,4.5,2026-01-16,0.2605932763735159,"Uranium Energy Corp., together with its subsidiaries, engages in exploration, pre-extraction, extraction, and processing uranium and titanium concentrates in the United States, Canada, and Paraguay. It owns interests in the Palangana mine, Goliad, Burke Hollow, Longhorn, and Salvo projects located in Texas; Anderson, Workman Creek, and Los Cuatros projects situated in Arizona; Dalton Pass and C de Baca project located in New Mexico; Roughrider, Shea Creek, Christie Lake, Horseshoe-Raven, Hidden Bay, Diabase, West Bear, JCU, and other project located in Canada; and Yuty, Oviedo, and Alto Paraná titanium projects in Paraguay. The company was formerly known as Carlin Gold Inc. and changed its name to Uranium Energy Corp. in January 2005. Uranium Energy Corp. was incorporated in 2003 and is headquartered in Corpus Christi, Texas.",N/A,118.0,1.9 B,8.34,76.7%,9.8,107.6%,N/A,True
CCL,16.34000015258789,3.7,17.0,2026-01-16,0.2668298535310345,"Carnival Corporation & plc engages in the provision of leisure travel services in North America, Australia, Europe, Asia, and internationally. The company operates through four segments: NAA Cruise Operations, Europe Cruise Operations, Cruise Support, and Tour and Other. It operates port destinations, private islands, and a solar park, as well as owns and operates hotels, lodges, glass-domed railcars, and motor coaches. The company offers its services under the Carnival Cruise Line, Princess Cruises, Holland America Line, Seabourn, Costa Cruises, AIDA Cruises, P&O Cruises, and Cunard brand. Additionally, it sells its cruises primarily through travel agents, tour operators, vacation planners, and websites. Carnival Corporation & plc was founded in 1972 and is headquartered in Miami, Florida.",23.014086,10.541936,21.6 B,19.74,20.8%,22.01,34.7%,N/A,False
NVDA,108.0,29.1,108.0,2026-01-16,0.2694444444444444,"NVIDIA Corporation provides graphics and compute and networking solutions in the United States, Taiwan, China, Hong Kong, and internationally. The Graphics segment offers GeForce GPUs for gaming and PCs, the GeForce NOW game streaming service and related infrastructure, and solutions for gaming platforms; Quadro/NVIDIA RTX GPUs for enterprise workstation graphics; virtual GPU or vGPU software for cloud-based visual and virtual computing; automotive platforms for infotainment systems; and Omniverse software for building and operating metaverse and 3D internet applications. The Compute & Networking segment comprises Data Center computing platforms and end-to-end networking platforms, including Quantum for InfiniBand and Spectrum for Ethernet; NVIDIA DRIVE automated-driving platform and automotive development agreements; Jetson robotics and other embedded platforms; NVIDIA AI Enterprise and other software; and DGX Cloud software and services. The company's products are used in gaming, professional visualization, data center, and automotive markets. It sells its products to original equipment manufacturers, original device manufacturers, system integrators and distributors, independent software vendors, cloud service providers, consumer internet companies, add-in board manufacturers, distributors, automotive manufacturers and tier-1 automotive suppliers, and other ecosystem participants. NVIDIA Corporation was incorporated in 1993 and is headquartered in Santa Clara, California.",50.46729,26.932667,2649.2 B,140.76,30.3%,144.17,33.5%,0.03%,True
CHWY,27.989999771118164,8.08,27.5,2026-01-16,0.27116828477839694,"Chewy, Inc., together with its subsidiaries, engages in the pure play e-commerce business in the United States. It provides pet food and treats, pet supplies and pet medications, and other pet-health products, as well as pet services for dogs, cats, fish, birds, small pets, horses, and reptiles through its retail websites and mobile applications. The company was founded in 2010 and is based in Plantation, Florida.",33.722893,57.122448,11.7 B,39.1,39.7%,30.4,8.6%,N/A,False
ENPH,112.91000366210938,32.88,115.0,2026-01-16,0.30971566029295894,"Enphase Energy, Inc., together with its subsidiaries, designs, develops, manufactures, and sells home energy solutions for the solar photovoltaic industry in the United States and internationally. The company offers semiconductor-based microinverter, which converts energy at the individual solar module level and combines with its proprietary networking and software technologies to provide energy monitoring and control. It also provides microinverter units and related accessories, an IQ gateway; IQ batteries; the cloud-based Enlighten monitoring service; storage solutions; and electric vehicle charging solutions, as well as design, proposal, permitting, and lead generation services. The company sells its solutions to solar distributors; and directly to large installers, original equipment manufacturers, strategic partners, and homeowners, as well as through its legacy product upgrade program or online store. Enphase Energy, Inc. was incorporated in 2006 and is headquartered in Fremont, California.",121.40861,23.474014,15.3 B,141.63,25.4%,126.22,11.8%,N/A,False
HOOD,19.3700008392334,5.39,20.0,2026-01-16,0.310789824467806,"Robinhood Markets, Inc. operates financial services platform in the United States. Its platform allows users to invest in stocks, exchange-traded funds (ETFs), American depository receipts, options, gold, and cryptocurrencies. The company offers fractional trading, recurring investments, fully-paid securities lending, access to investing on margin, cash sweep, instant withdrawals, retirement program, around-the-clock trading, and initial public offerings participation services. It also provides various learning and education solutions comprise Snacks, an accessible digest of business news stories for a new generation of investors.; Learn, which is an online collection of beginners' guides, feature tutorials, and financial dictionary; Newsfeeds that offer access to free, premium news from sites from various sites, such as Barron's, Reuters, and Dow Jones. In addition, the company offers In-App Education, a resource that covers investing fundamentals, including why people invest, a stock market overview, and tips on how to define investing goals, as well as allows customers to understand the basics of investing before their first trade; and Crypto Learn and Earn, an educational module available to various crypto customers through Robinhood Learn to teach customers the basics related to cryptocurrency. Further, it provides Robinhood credit cards, cash card and spending accounts, and wallets. Robinhood Markets, Inc. was incorporated in 2013 and is headquartered in Menlo Park, California.",62.48387,28.072466,17.1 B,24.88,28.4%,23.97,23.7%,N/A,False
SMCI,441.7799987792969,142.9,440.0,2026-01-16,0.31943501654814255,"Super Micro Computer, Inc., together with its subsidiaries, develops and manufactures high performance server and storage solutions based on modular and open architecture in the United States, Europe, Asia, and internationally. Its solutions range from complete server, storage systems, modular blade servers, blades, workstations, full racks, networking devices, server sub-systems, server management software, and security software. The company provides application-optimized server solutions, rackmount and blade servers, storage, and subsystems and accessories; and server software management solutions, such as Server Management Suite, including Supermicro Server Manager, Supermicro Power Management software, Supermicro Update Manager, SuperCloud Composer, and SuperDoctor 5. In addition, it offers server subsystems and accessories comprising server boards, chassis, power supplies, and other accessories. Further, the company provides server and storage system integration, configuration, and software upgrade and update services; and technical documentation services, as well as identifies service requirements, creates and executes project plans, and conducts verification testing and technical documentation, and training services. Additionally, it offers help desk and on-site product support services for its server and storage systems; and customer support services, including ongoing maintenance and technical support for its products. The company provides its products to enterprise data centers, cloud computing, artificial intelligence, and 5G and edge computing markets. It sells its products through direct and indirect sales force, distributors, value-added resellers, system integrators, and original equipment manufacturers. The company was incorporated in 1993 and is headquartered in San Jose, California.",21.784023,9.754471,25.9 B,1229.0,178.2%,871.67,97.3%,N/A,True
RKLB,6.059999942779541,2.65,5.5,2026-01-16,0.34488450114767466,"Rocket Lab USA, Inc., a space company, provides launch services and space systems solutions for the space and defense industries. The company provides launch services, spacecraft design services, spacecraft components, spacecraft manufacturing, and other spacecraft and on-orbit management solutions; and constellation management services, as well as designs and manufactures small and medium-class rockets. It also designs, manufactures, and sells Electron, a reusable orbital-class small rocket; and the Photon satellite platforms, as well as developing the Neutron 8-ton payload class launch vehicle; conducts remote launch activities; and designs and manufactures a range of components and subsystems for the Photon family of spacecraft and broader merchant spacecraft components. The company serves commercial, aerospace prime contractors, and government customers. Rocket Lab USA, Inc. was founded in 2006 and is headquartered in Long Beach, California.",N/A,-27.545454,3.1 B,7.36,21.5%,7.48,23.4%,N/A,False
RUN,18.510000228881836,7.48,17.5,2026-01-16,0.34954077207534473,"Sunrun Inc. designs, develops, installs, sells, owns, and maintains residential solar energy systems in the United States. It also sells solar energy systems and products, such as panels and racking; and solar leads generated to customers. In addition, the company offers battery storage along with solar energy systems; and sells services to commercial developers through multi-family and new homes. Its primary customers are residential homeowners. The company markets and sells its products through direct-to-consumer approach across online, retail, mass media, digital media, canvassing, field marketing, and referral channels, as well as its partner network. Sunrun Inc. was founded in 2007 and is headquartered in San Francisco, California.",N/A,-24.355265,4.6 B,22.26,20.3%,21.87,18.2%,N/A,False
FUBO,1.649999976158142,0.78,1.5,2026-01-16,0.3818182017849172,"fuboTV Inc. operates a live TV streaming platform for live sports, news, and entertainment content in the United States and internationally. The company's platform allows customers to access content through streaming devices, as well as on SmartTVs, mobile phones, tablets, and computers. fuboTV Inc. was incorporated in 2009 and is headquartered in New York, New York.",N/A,-5.6896553,553.3 M,3.815,131.2%,2.82,70.9%,N/A,True
AFRM,41.59000015258789,15.55,42.5,2026-01-16,0.39576820839198534,"Affirm Holdings, Inc. operates payment network in the United States, Canada, and internationally. The company's platform includes point-of-sale payment solution for consumers, merchant commerce solutions, and a consumer-focused app. Its commerce platform, agreements with originating banks, and capital markets partners enables consumers to pay for a purchase over time. The company has active merchants covering small businesses, large enterprises, direct-to-consumer brands, brick-and-mortar stores, and companies with an omni-channel presence. Its merchants represent a range of industries, including sporting goods and outdoors, home and lifestyle, travel and ticketing, electronics, fashion and beauty, equipment and auto, and general merchandise. Affirm Holdings, Inc. was founded in 2012 and is headquartered in San Francisco, California.",N/A,519.875,12.9 B,52.48,26.2%,38.2,-8.2%,N/A,False
UPST,38.2599983215332,16.4,37.5,2026-01-16,0.408782079576423,"Upstart Holdings, Inc., together with its subsidiaries, operates a cloud-based artificial intelligence (AI) lending platform in the United States. Its platform includes personal loans, automotive retail and refinance loans, home equity lines of credit, and small dollar loans that connects consumer demand for loans to its to bank and credit unions. Upstart Holdings, Inc. was founded in 2012 and is headquartered in San Mateo, California.",N/A,173.90909,3.8 B,49.617,29.7%,24.58,-35.8%,N/A,False
CVNA,144.52000427246094,60.0,145.0,2026-01-16,0.41848874854388485,"Carvana Co., together with its subsidiaries, operates an e-commerce platform for buying and selling used cars in the United States. Its platform allows customers to research and identify a vehicle; inspect it using company's 360-degree vehicle imaging technology; obtain financing and warranty coverage; purchase the vehicle; and schedule delivery or pick-up from their desktop or mobile devices. The company also operates auction sites. The company was founded in 2012 and is based in Tempe, Arizona.",58.04016,122.47459,16.9 B,159.85,10.6%,149.82,3.7%,N/A,False
SEDG,22.06999969482422,9.55,22.5,2026-01-16,0.45219757332014154,"SolarEdge Technologies, Inc., together with its subsidiaries, designs, develops, manufactures, and sells direct current (DC) optimized inverter systems for solar photovoltaic (PV) installations in the United States, Germany, the Netherlands, Italy, rest of Europe, and internationally. It operates in two segments, Solar and Energy Storage. The Solar segment offers power optimizers, inverters, batteries, storage solutions, electric vehicle chargers, smart tracking solutions, and smart energy management software products; Monitoring platform, a cloud-based monitoring platform, which collects power, voltage, current, and system data sent from inverters and power optimizers; and MySolarEdge app, that enables system owners to track their real-time system production and household energy consumption. This segment also provides Designer platform, an web-based tool that helps solar professionals to plan, build, and validate residential and commercial systems; Mapper application for registering the physical layout of new PV sites installed with DC optimized inverter systems; SetApp application that activates and configurate inverters; and grid services. The Energy Storage segment provides lithium-ion cells and containerized battery systems (BESS) solutions for commercial, industrial, and utility markets; modules and racks; purpose-built components and solutions, and hardware and software tools; and pre and post sales engineering support for designing, building, and managing battery and system solutions. The company offers e-mobility products, automated machines, and UPS products; and pre-sales support, ongoing trainings, and technical support and after installation services. It sells its products through solar installers and distributors, electrical equipment wholesalers, and PV module manufacturers, as well as engineering, procurement, and construction firms. SolarEdge Technologies, Inc. was incorporated in 2006 and is headquartered in Herzliya, Israel.",N/A,100.318184,1.3 B,163.485,640.8%,31.7,43.6%,N/A,False
ASTS,29.40999984741211,15.3,30.0,2026-01-16,0.5402924255365511,"AST SpaceMobile, Inc., together with its subsidiaries, develops and provides access to a space-based cellular broadband network for smartphones in the United States. Its SpaceMobile service provides cellular broadband services to end-users who are out of terrestrial cellular coverage. The company was founded in 2017 and is headquartered in Midland, Texas.",N/A,-45.953125,8.1 B,39.08,32.9%,29.78,1.3%,N/A,False
